,product,weight
2020-06-05 06:40:00,지나송 보노 화이트에디션 암막 커튼(중형),139159086.0
2020-06-05 07:40:00,신일써큘레이터 스탠드 블랙+블랙(SIF-PC30DCC),127940987.0
2020-06-05 08:40:00,엘렌실라&코즈미 쑥클렌져(펌핑기),141642405.0
2020-06-05 09:40:00,QISS 프리미어 아침애끌리다 마시는한끼 42통,124522196.0
2020-06-05 10:40:00,[귤로올레] 제주 당도선별 하우스감귤 1.1kg 3박스,95732701.0
2020-06-05 11:40:00,마르엘라로사티 플로럴썸머원피스3종,144863958.0
2020-06-05 12:40:00,코몽트 이지웨어 상하의6종세트,60184079.0
2020-06-05 13:40:00,에레키반1300 자석패치 6팩(총360매),77009824.0
2020-06-05 14:40:00,캐리어 벽걸이 에어컨 7형 ARC07VBC,122049925.0
2020-06-05 15:40:00,옛날 그 쥐포 110장 (11팩),112140221.0
2020-06-05 16:40:00,3D에어매쉬 편백나무베개 (패밀리),87098373.0
2020-06-05 17:40:00,新쿠첸압력밥솥 6인용,119838504.0
2020-06-05 18:40:00,여수순살갈치11팩,120031503.0
2020-06-05 19:40:00,아룬싸왓 코코넛 천연라텍스 매트리스 슈퍼싱글,110613038.0
2020-06-05 20:40:00,아놀드파마 티셔츠레깅스세트,117628641.0
2020-06-05 21:40:00,영산포숙성홍어회6팩,165053091.0
2020-06-05 22:40:00,갓바위전장김27봉,78910771.0
2020-06-05 23:40:00,단순생활 넥밴드 휴대용 선풍기(1+1),176177664.0
2020-06-06 00:40:00,제오닉 나누담 밀폐용기,120647045.0
2020-06-06 01:40:00,(일)[보루네오] 피올레 천연소가죽 소파 3인용,133838608.0
